# oracle class
## 2018.04.03
### introduce & sql select

#### 1. introduce

##### 1.1 oracle database11g

> oracle database11g
- 관리효율성
- 고가용성HA(High availability) : 고가용성 기능을 사용하여 다운타임/데이터 손실을 줄임
- 성능 : OLTP
- 보안
- 정보통합


##### 1.2 관계형 데이터베이스

> 다양한 미디어의 데이터 저장영역
- 대량의 데이터를 보관하는데 필요한 물리적, 경제적인 측면을 절약할 수 있는 데이터베이스


> SQL을 사용한 DATABASE query
- DML
- DDL
- DCL
- TCL


> DBMS 
- 요청에 따라 데이터베이스에 데이터를 저장, 검색 및 수정하는 프로그램
- 계층형, 네트워크형, 관계형, 객체관계형 등이 있음


> HR(Human Resources)


#### 2. SQL select를 사용하여 데이터검색

> SELECT
- PROJECTION : column 선택
- SELECTION : row 선택
- JOIN : table union


> 산술연산
- NUM, DATE, TIMESTAMP만 가능
- 실제로 DB에 저장되지 않음


> NULL값 정의
- 0과 공백과 차이가 있음


> alias
- 컬럼명 AS 별칭
- 컬럼명 AS "별칭"
- 컬럼명 "별칭"


> 연결연산자 ||
- 열이나 문자열을 다른 열에 연결


> 리터럴 문자열 
- ||' 문자열 '||
- 작은 따옴표가 포함된 문자열 q'[문자 ' 문자]' 그외 <>, (), {} 


> 중복행 제거
- DISTINCT


> 테이블 구조 표시
- DESC 테이블 이름


```
SQL> set linesize300;
SQL> set pagesieze200;
SQL> select * from departments;

DEPARTMENT_ID DEPARTMENT_NAME										 MANAGER_ID LOCATION_ID
------------- ------------------------------------------------------------------------------------------ ---------- -----------
	   10 Administration											200	   1700
	   20 Marketing 											201	   1800
	   50 Shipping												124	   1500
	   60 IT												103	   1400
	   80 Sales												149	   2500
	   90 Executive 											100	   1700
	  110 Accounting											205	   1700
	  190 Contracting												   1700

8 rows selected.



SQL> SELECT last_name, salary, salary + 300
  2  FROM employees;

LAST_NAME									SALARY SALARY+300
--------------------------------------------------------------------------- ---------- ----------
King										 24000	    24300
Kochhar 									 17000	    17300
De Haan 									 17000	    17300
Hunold										  9000	     9300
Ernst										  6000	     6300
Lorentz 									  4200	     4500
Mourgos 									  5800	     6100
Rajs										  3500	     3800
Davies										  3100	     3400
Matos										  2600	     2900
Vargas										  2500	     2800
Zlotkey 									 10500	    10800
Abel										 11000	    11300
Taylor										  8600	     8900
Grant										  7000	     7300
Whalen										  4400	     4700
Hartstein									 13000	    13300
Fay										  6000	     6300
Higgins 									 12000	    12300
Gietz										  8300	     8600

20 rows selected.



SQL> SELECT last_name, commission_pct FROM employees;

LAST_NAME								    COMMISSION_PCT
--------------------------------------------------------------------------- --------------
King
Kochhar
De Haan
Hunold
Ernst
Lorentz
Mourgos
Rajs
Davies
Matos
Vargas
Zlotkey 										.2
Abel											.3
Taylor											.2
Grant										       .15
Whalen
Hartstein
Fay
Higgins
Gietz

20 rows selected.



SQL> SELECT last_name AS name, commission_pct comm
  2  FROM employees;

NAME										  COMM
--------------------------------------------------------------------------- ----------
King
Kochhar
De Haan
Hunold
Ernst
Lorentz
Mourgos
Rajs
Davies
Matos
Vargas
Zlotkey 									    .2
Abel										    .3
Taylor										    .2
Grant										   .15
Whalen
Hartstein
Fay
Higgins
Gietz

20 rows selected.



SQL> SELECT last_name "Name", salary * 12 "Anuual Salary"
  2  FROM employees;

Name									    Anuual Salary
--------------------------------------------------------------------------- -------------
King										   288000
Kochhar 									   204000
De Haan 									   204000
Hunold										   108000
Ernst										    72000
Lorentz 									    50400
Mourgos 									    69600
Rajs										    42000
Davies										    37200
Matos										    31200
Vargas										    30000
Zlotkey 									   126000
Abel										   132000
Taylor										   103200
Grant										    84000
Whalen										    52800
Hartstein									   156000
Fay										    72000
Higgins 									   144000
Gietz										    99600

20 rows selected.



SQL> ed
Wrote file afiedt.buf

  1  SELECT last_name "Name", salary*12 Anuual Salary
  2* FROM employees


SQL> l
  1  SELECT last_name "Name", salary*12 Anuual Salary
  2* FROM employees
  
  
SQL> r
  1  SELECT last_name "Name", salary*12 Anuual Salary
  2* FROM employees
SELECT last_name "Name", salary*12 Anuual Salary
                                          *                                       
ERROR at line 1:
ORA-00923: FROM keyword not found where expected

SQL> /
SELECT last_name "Name", salary*12 Anuual Salary
                                          *
ERROR at line 1:
ORA-00923: FROM keyword not found where expected
```

```
SQL> SELECT department_name || q'[Department's Manager Id:]' || manager_id
  2  AS "Department and Manager"
  3  FROM departments;

Department and Manager
----------------------------------------------------------------------------------------------------------------------------------------------------------------------------------------------------------------------------------------------------------
AdministrationDepartment's Manager Id:200
MarketingDepartment's Manager Id:201
ShippingDepartment's Manager Id:124
ITDepartment's Manager Id:103
SalesDepartment's Manager Id:149
ExecutiveDepartment's Manager Id:100
AccountingDepartment's Manager Id:205
ContractingDepartment's Manager Id:

8 rows selected.

SQL> ed
Wrote file afiedt.buf

  1  SELECT department_name || q'[Department's Manager Id:] || manager_id
  2  AS "Department and Manager"
  3* FROM departments
SQL> /
ERROR:
ORA-01756: quoted string not properly terminated

SQL> ed  
Wrote file afiedt.buf

  1  SELECT department_name || 'Department''s Manager Id:' || manager_id
  2  AS "Department and Manager"
  3* FROM departments
SQL> /

Department and Manager
----------------------------------------------------------------------------------------------------------------------------------------------------------------------------------------------------------------------------------------------------------
AdministrationDepartment's Manager Id:200
MarketingDepartment's Manager Id:201
ShippingDepartment's Manager Id:124
ITDepartment's Manager Id:103
SalesDepartment's Manager Id:149
ExecutiveDepartment's Manager Id:100
AccountingDepartment's Manager Id:205
ContractingDepartment's Manager Id:

8 rows selected.

SQL> desc departments;
 Name						       Null?	Type
 ----------------------------------------------------- -------- ------------------------------------
 DEPARTMENT_ID					       NOT NULL NUMBER(4)
 DEPARTMENT_NAME				       NOT NULL VARCHAR2(30)
 MANAGER_ID							NUMBER(6)
 LOCATION_ID	


```


##### 1.1 server time 최신화

```
  [root@oracle55 ~]# yum install rdate
  public_ol6_UEKR3_latest                                                                          | 1.2 kB     00:00     
public_ol6_latest                                                                                | 1.4 kB     00:00     
Setting up Install Process
Resolving Dependencies
--> Running transaction check
---> Package rdate.x86_64 0:1.4-16.el6 will be installed
--> Finished Dependency Resolution

Dependencies Resolved

========================================================================================================================
 Package                Arch                    Version                        Repository                          Size
========================================================================================================================
Installing:
 rdate                  x86_64                  1.4-16.el6                     public_ol6_latest                   18 k

Transaction Summary
========================================================================================================================
Install       1 Package(s)

Total download size: 18 k
Installed size: 29 k
Is this ok [y/N]: y
Downloading Packages:
rdate-1.4-16.el6.x86_64.rpm                                                                      |  18 kB     00:00     
Running rpm_check_debug
Running Transaction Test
Transaction Test Succeeded
Running Transaction
  Installing : rdate-1.4-16.el6.x86_64                                                                              1/1 
  Verifying  : rdate-1.4-16.el6.x86_64                                                                              1/1 

Installed:
  rdate.x86_64 0:1.4-16.el6                                                                                             

Complete!
[root@oracle55 ~]# rdate
Usage: rdate [-s] [-p] [-u] [-l] [-t sec] <host> ...
[root@oracle55 ~]# date
Wed Apr  4 00:26:44 KST 2018
[root@oracle55 ~]# rdate -s time.bora.net
[root@oracle55 ~]# date
Tue Apr  3 15:27:00 KST 2018
  ```
  
  
  ##### 1.1 row column 출력 
  
* cl scl : clear screen
* -- , ## 은 주석


```
  SQL> select max(length(department_name)) from departments;

MAX(LENGTH(DEPARTMENT_NAME))
----------------------------
			  14

SQL> col department_name for a14
SQL> select * from departments;

DEPARTMENT_ID DEPARTMENT_NAM MANAGER_ID LOCATION_ID
------------- -------------- ---------- -----------
	   10 Administration	    200        1700
	   20 Marketing 	    201        1800
	   50 Shipping		    124        1500
	   60 IT		    103        1400
	   80 Sales		    149        2500
	   90 Executive 	    100        1700
	  110 Accounting	    205        1700
	  190 Contracting		       1700

8 rows selected.

SQL> col department_name for a15
SQL> /                        

DEPARTMENT_ID DEPARTMENT_NAME MANAGER_ID LOCATION_ID
------------- --------------- ---------- -----------
	   10 Administration	     200	1700
	   20 Marketing 	     201	1800
	   50 Shipping		     124	1500
	   60 IT		     103	1400
	   80 Sales		     149	2500
	   90 Executive 	     100	1700
	  110 Accounting	     205	1700
	  190 Contracting			1700

8 rows selected.
```
  
  
  col 명령어는 접속한 세션에서만 유효함 
  재접속하면 다시 초기화됨

* admin - gloing 파일에 설정해서 로그인 할 때마다 설정되도록 지정해줌


```
oracle55:/u01> cd /u01/app/oracle/product/11.2.0/sqlplus/admin/
oracle55:/u01/app/oracle/product/11.2.0/sqlplus/admin> ls -l
total 20
-rw-r--r--. 1 oracle oinstall  368 Apr 10  2011 glogin.sql
drwxr-xr-x. 2 oracle oinstall 4096 Apr  2 23:56 help
-rw-r--r--. 1 oracle oinstall  226 Jul 17  2013 libsqlplus.def
-rw-r--r--. 1 oracle oinstall  813 Mar  7  2006 plustrce.sql
-rw-r--r--. 1 oracle oinstall 2118 Feb 16  2003 pupbld.sql
oracle55:/u01/app/oracle/product/11.2.0/sqlplus/admin> vi glogin.sql 


--
-- Copyright (c) 1988, 2011, Oracle and/or its affiliates.
-- All rights reserved.
--
-- NAME
--   glogin.sql
--
-- DESCRIPTION
--   SQL*Plus global login "site profile" file
--
--   Add any SQL*Plus commands here that are to be executed when a
--   user starts SQL*Plus, or uses the SQL*Plus CONNECT command.
--
-- USAGE
--   This script is automatically run
--
col department_name for a15
```


```
SQL> col salary for 99999 
SQL> select salary from employees;

SALARY
------
 24000
 17000
 17000
  9000
  6000
  4200
  5800
  3500
  3100
  2600
  2500

SALARY
------
 10500
 11000
  8600
  7000
  4400
 13000
  6000
 12000
  8300

20 rows selected.

SQL> l
  1* select salary from employees
SQL> save emp.sql
Created file emp.sql
SQL> !
oracle55:/u01/app/oracle/product/11.2.0/sqlplus/admin> exit
exit

SQL> l
  1* select salary from employees
  

SQL> !ls -l
total 24
-rw-r--r--. 1 oracle oinstall   31 Apr  3 15:45 emp.sql
-rw-r--r--. 1 oracle oinstall  396 Apr  3 15:39 glogin.sql
drwxr-xr-x. 2 oracle oinstall 4096 Apr  2 23:56 help
-rw-r--r--. 1 oracle oinstall  226 Jul 17  2013 libsqlplus.def
-rw-r--r--. 1 oracle oinstall  813 Mar  7  2006 plustrce.sql
-rw-r--r--. 1 oracle oinstall 2118 Feb 16  2003 pupbld.sql

SQL> !cat emp.sql
select salary from employees
/

SQL> @emp.sql

SALARY
------
 24000
 17000
 17000
  9000
  6000
  4200
  5800
  3500
  3100
  2600
  2500

SALARY
------
 10500
 11000
  8600
  7000
  4400
 13000
  6000
 12000
  8300

20 rows selected.

SQL> @emp 

SALARY
------
 24000
 17000
 17000
  9000
  6000
  4200
  5800
  3500
  3100
  2600
  2500

SALARY
------
 10500
 11000
  8600
  7000
  4400
 13000
  6000
 12000
  8300

20 rows selected.

// .sql이라고 쓰면 확장자를 생략할 수 있음

SQL> save empl.sqq
Created file empl.sqq
SQL> @empl
SP2-0310: unable to open file "empl.sql"
SQL> @empl.sql 
SP2-0310: unable to open file "empl.sql"
SQL> @empl.sqq

SALARY
------
 24000
 17000
 17000
  9000
  6000
  4200
  5800
  3500
  3100
  2600
  2500

SALARY
------
 10500
 11000
  8600
  7000
  4400
 13000
  6000
 12000
  8300

20 rows selected.


```

* SOOP : 화면에 나오는 내용을 기록하는 파일의 이름을 지정해주는 명령어
```
SQL> spool a.txt
SQL> select * from departments;

DEPARTMENT_ID DEPARTMENT_NAME MANAGER_ID LOCATION_ID
------------- --------------- ---------- -----------
	   10 Administration	     200	1700
	   20 Marketing 	     201	1800
	   50 Shipping		     124	1500
	   60 IT		     103	1400
	   80 Sales		     149	2500
	   90 Executive 	     100	1700
	  110 Accounting	     205	1700
	  190 Contracting			1700

8 rows selected.

SQL> spool off 
SQL> !cat a.txt
SQL> select * from departments;

DEPARTMENT_ID DEPARTMENT_NAME MANAGER_ID LOCATION_ID                            
------------- --------------- ---------- -----------                            
           10 Administration         200        1700                            
           20 Marketing              201        1800                            
           50 Shipping               124        1500                            
           60 IT                     103        1400                            
           80 Sales                  149        2500                            
           90 Executive              100        1700                            
          110 Accounting             205        1700                            
          190 Contracting                       1700                            

8 rows selected.

SQL> spool off
```
  
